{
  "train_loss": [
    3743668.2635567724,
    133.3788094886135,
    2005.3727266304174,
    187.23500957713156,
    2732.310298846031,
    646.6742404784046,
    1574.2705542271406,
    963.7640354410522,
    601.7219197892849,
    2422.0742997594834,
    659.3827579009446,
    1360.0149010763398,
    1039.9821538770407,
    957.1801564217147
  ],
  "train_acc": [
    0.0006645215444879687,
    0.0,
    0.0,
    0.0,
    0.0,
    0.0,
    0.0,
    0.0,
    0.0,
    0.0,
    0.0,
    0.0,
    0.0,
    0.0
  ],
  "val_loss": [
    41.39374519328224,
    32.409995639293065,
    35.530014715369006,
    36.58948037269533,
    42.20482742070529,
    46.33014427961942,
    47.94484459700223,
    48.77115995641166,
    49.48610556779269,
    54.633165314676866,
    56.347539309110715,
    61.83752935424486,
    70.6315588988461,
    68.50227126875994
  ],
  "val_acc": [
    0.0,
    0.0,
    0.0,
    0.0,
    0.0,
    0.0,
    0.0,
    0.0,
    0.0,
    0.0,
    0.0,
    0.0,
    0.0,
    0.0
  ]
}