{
  "accuracy": 78.53365873500103,
  "macro_f1": 76.66629522678812,
  "auc_roc": 0.9162921010776518,
  "per_class": {
    "inspiration": {
      "sensitivity": 82.29475766547405,
      "specificity": 81.43350604476437,
      "tp": 3328,
      "tn": 4715,
      "fp": 1075,
      "fn": 716
    },
    "expiration": {
      "sensitivity": 61.57082748919323,
      "specificity": 93.20337881729279,
      "tp": 1317,
      "tn": 7172,
      "fp": 523,
      "fn": 822
    },
    "abnormal": {
      "sensitivity": 84.30566967930895,
      "specificity": 91.70305676841065,
      "tp": 3078,
      "tn": 5670,
      "fp": 513,
      "fn": 573
    }
  },
  "confusion_matrix": [
    [
      3328,
      380,
      336
    ],
    [
      645,
      1317,
      177
    ],
    [
      430,
      143,
      3078
    ]
  ]
}